id,identifier,species_id,form_name,full_name,form_order,is_default,speed,order
1,bulbasaur,1,,,1,True,45,1
2,ivysaur,2,,,1,True,60,2
3,venusaur,3,,,1,True,80,3
4,charmander,4,,,1,True,65,5
5,charmeleon,5,,,1,True,80,6
6,charizard,6,,,1,True,100,7
7,squirtle,7,,,1,True,43,10
8,wartortle,8,,,1,True,58,11
9,blastoise,9,,,1,True,78,12
10,caterpie,10,,,1,True,45,14
11,metapod,11,,,1,True,30,15
12,butterfree,12,,,1,True,70,16
13,weedle,13,,,1,True,50,17
14,kakuna,14,,,1,True,35,18
15,beedrill,15,,,1,True,75,19
16,pidgey,16,,,1,True,56,21
17,pidgeotto,17,,,1,True,71,22
18,pidgeot,18,,,1,True,101,23
19,rattata,19,,,1,True,72,25
20,raticate,20,,,1,True,97,27
21,spearow,21,,,1,True,70,29
22,fearow,22,,,1,True,100,30
23,ekans,23,,,1,True,55,31
24,arbok,24,,,1,True,80,32
25,pikachu,25,,,1,True,90,34
26,raichu,26,,,1,True,110,35
27,sandshrew,27,,,1,True,40,37
28,sandslash,28,,,1,True,65,39
29,nidoran-f,29,,,1,True,41,41
30,nidorina,30,,,1,True,56,42
31,nidoqueen,31,,,1,True,76,43
32,nidoran-m,32,,,1,True,50,44
33,nidorino,33,,,1,True,65,45
34,nidoking,34,,,1,True,85,46
35,clefairy,35,,,1,True,35,48
36,clefable,36,,,1,True,60,49
37,vulpix,37,,,1,True,65,50
38,ninetales,38,,,1,True,100,52
39,jigglypuff,39,,,1,True,20,55
40,wigglytuff,40,,,1,True,45,56
41,zubat,41,,,1,True,55,57
42,golbat,42,,,1,True,90,58
43,oddish,43,,,1,True,30,60
44,gloom,44,,,1,True,40,61
45,vileplume,45,,,1,True,50,62
46,paras,46,,,1,True,25,64
47,parasect,47,,,1,True,30,65
48,venonat,48,,,1,True,45,66
49,venomoth,49,,,1,True,90,67
50,diglett,50,,,1,True,95,68
51,dugtrio,51,,,1,True,120,70
52,meowth,52,,,1,True,90,72
53,persian,53,,,1,True,115,74
54,psyduck,54,,,1,True,55,76
55,golduck,55,,,1,True,85,77
56,mankey,56,,,1,True,70,78
57,primeape,57,,,1,True,95,79
58,growlithe,58,,,1,True,60,80
59,arcanine,59,,,1,True,95,81
60,poliwag,60,,,1,True,90,82
61,poliwhirl,61,,,1,True,90,83
62,poliwrath,62,,,1,True,70,84
63,abra,63,,,1,True,90,86
64,kadabra,64,,,1,True,105,87
65,alakazam,65,,,1,True,120,88
66,machop,66,,,1,True,35,90
67,machoke,67,,,1,True,45,91
68,machamp,68,,,1,True,55,92
69,bellsprout,69,,,1,True,40,93
70,weepinbell,70,,,1,True,55,94
71,victreebel,71,,,1,True,70,95
72,tentacool,72,,,1,True,70,96
73,tentacruel,73,,,1,True,100,97
74,geodude,74,,,1,True,20,98
75,graveler,75,,,1,True,35,100
76,golem,76,,,1,True,45,102
77,ponyta,77,,,1,True,90,104
78,rapidash,78,,,1,True,105,105
79,slowpoke,79,,,1,True,15,106
80,slowbro,80,,,1,True,30,107
81,magnemite,81,,,1,True,45,110
82,magneton,82,,,1,True,70,111
83,farfetchd,83,,,1,True,60,113
84,doduo,84,,,1,True,75,114
85,dodrio,85,,,1,True,110,115
86,seel,86,,,1,True,45,116
87,dewgong,87,,,1,True,70,117
88,grimer,88,,,1,True,25,118
89,muk,89,,,1,True,50,120
90,shellder,90,,,1,True,40,122
91,cloyster,91,,,1,True,70,123
92,gastly,92,,,1,True,80,124
93,haunter,93,,,1,True,95,125
94,gengar,94,,,1,True,110,126
95,onix,95,,,1,True,70,128
96,drowzee,96,,,1,True,42,131
97,hypno,97,,,1,True,67,132
98,krabby,98,,,1,True,50,133
99,kingler,99,,,1,True,75,134
100,voltorb,100,,,1,True,100,135
101,electrode,101,,,1,True,150,136
102,exeggcute,102,,,1,True,40,137
103,exeggutor,103,,,1,True,55,138
104,cubone,104,,,1,True,35,140
105,marowak,105,,,1,True,45,141
106,hitmonlee,106,,,1,True,87,144
107,hitmonchan,107,,,1,True,76,145
108,lickitung,108,,,1,True,30,147
109,koffing,109,,,1,True,35,149
110,weezing,110,,,1,True,60,150
111,rhyhorn,111,,,1,True,25,151
112,rhydon,112,,,1,True,40,152
113,chansey,113,,,1,True,50,155
114,tangela,114,,,1,True,60,157
115,kangaskhan,115,,,1,True,90,159
116,horsea,116,,,1,True,60,161
117,seadra,117,,,1,True,85,162
118,goldeen,118,,,1,True,63,164
119,seaking,119,,,1,True,68,165
120,staryu,120,,,1,True,85,166
121,starmie,121,,,1,True,115,167
122,mr-mime,122,,,1,True,90,169
123,scyther,123,,,1,True,105,170
124,jynx,124,,,1,True,95,174
125,electabuzz,125,,,1,True,105,176
126,magmar,126,,,1,True,93,179
127,pinsir,127,,,1,True,85,181
128,tauros,128,,,1,True,110,183
129,magikarp,129,,,1,True,80,184
130,gyarados,130,,,1,True,81,185
131,lapras,131,,,1,True,60,187
132,ditto,132,,,1,True,48,188
133,eevee,133,,,1,True,55,189
134,vaporeon,134,,,1,True,65,190
135,jolteon,135,,,1,True,130,191
136,flareon,136,,,1,True,65,192
137,porygon,137,,,1,True,40,198
138,omanyte,138,,,1,True,35,201
139,omastar,139,,,1,True,55,202
140,kabuto,140,,,1,True,55,203
141,kabutops,141,,,1,True,80,204
142,aerodactyl,142,,,1,True,130,205
143,snorlax,143,,,1,True,30,208
144,articuno,144,,,1,True,85,209
145,zapdos,145,,,1,True,100,210
146,moltres,146,,,1,True,90,211
147,dratini,147,,,1,True,50,212
148,dragonair,148,,,1,True,70,213
149,dragonite,149,,,1,True,80,214
150,mewtwo,150,,,1,True,130,215
151,mew,151,,,1,True,100,218
152,chikorita,152,,,1,True,45,219
153,bayleef,153,,,1,True,60,220
154,meganium,154,,,1,True,80,221
155,cyndaquil,155,,,1,True,65,222
156,quilava,156,,,1,True,80,223
157,typhlosion,157,,,1,True,100,224
158,totodile,158,,,1,True,43,225
159,croconaw,159,,,1,True,58,226
160,feraligatr,160,,,1,True,78,227
161,sentret,161,,,1,True,20,228
162,furret,162,,,1,True,90,229
163,hoothoot,163,,,1,True,50,230
164,noctowl,164,,,1,True,70,231
165,ledyba,165,,,1,True,55,232
166,ledian,166,,,1,True,85,233
167,spinarak,167,,,1,True,30,234
168,ariados,168,,,1,True,40,235
169,crobat,169,,,1,True,130,59
170,chinchou,170,,,1,True,67,236
171,lanturn,171,,,1,True,67,237
172,pichu,172,,,1,True,60,33
173,cleffa,173,,,1,True,15,47
174,igglybuff,174,,,1,True,15,54
175,togepi,175,,,1,True,20,238
176,togetic,176,,,1,True,40,239
177,natu,177,,,1,True,70,241
178,xatu,178,,,1,True,95,242
179,mareep,179,,,1,True,35,243
180,flaaffy,180,,,1,True,45,244
181,ampharos,181,,,1,True,55,245
182,bellossom,182,,,1,True,50,63
183,marill,183,,,1,True,40,248
184,azumarill,184,,,1,True,50,249
185,sudowoodo,185,,,1,True,30,251
186,politoed,186,,,1,True,70,85
187,hoppip,187,,,1,True,50,252
188,skiploom,188,,,1,True,80,253
189,jumpluff,189,,,1,True,110,254
190,aipom,190,,,1,True,85,255
191,sunkern,191,,,1,True,30,257
192,sunflora,192,,,1,True,30,258
193,yanma,193,,,1,True,95,259
194,wooper,194,,,1,True,15,261
195,quagsire,195,,,1,True,35,262
196,espeon,196,,,1,True,110,193
197,umbreon,197,,,1,True,65,194
198,murkrow,198,,,1,True,91,263
199,slowking,199,,,1,True,30,109
200,misdreavus,200,,,1,True,85,265
201,unown-a,201,A,Unown A,1,True,48,267
202,wobbuffet,202,,,1,True,33,296
203,girafarig,203,,,1,True,85,297
204,pineco,204,,,1,True,15,298
205,forretress,205,,,1,True,40,299
206,dunsparce,206,,,1,True,45,300
207,gligar,207,,,1,True,85,301
208,steelix,208,,,1,True,30,129
209,snubbull,209,,,1,True,30,303
210,granbull,210,,,1,True,45,304
211,qwilfish,211,,,1,True,85,305
212,scizor,212,,,1,True,65,171
213,shuckle,213,,,1,True,5,306
214,heracross,214,,,1,True,85,307
215,sneasel,215,,,1,True,115,309
216,teddiursa,216,,,1,True,40,311
217,ursaring,217,,,1,True,55,312
218,slugma,218,,,1,True,20,313
219,magcargo,219,,,1,True,30,314
220,swinub,220,,,1,True,50,315
221,piloswine,221,,,1,True,50,316
222,corsola,222,,,1,True,35,318
223,remoraid,223,,,1,True,65,319
224,octillery,224,,,1,True,45,320
225,delibird,225,,,1,True,75,321
226,mantine,226,,,1,True,70,323
227,skarmory,227,,,1,True,70,324
228,houndour,228,,,1,True,65,325
229,houndoom,229,,,1,True,95,326
230,kingdra,230,,,1,True,85,163
231,phanpy,231,,,1,True,40,328
232,donphan,232,,,1,True,50,329
233,porygon2,233,,,1,True,60,199
234,stantler,234,,,1,True,85,330
235,smeargle,235,,,1,True,75,331
236,tyrogue,236,,,1,True,35,143
237,hitmontop,237,,,1,True,70,146
238,smoochum,238,,,1,True,65,173
239,elekid,239,,,1,True,95,175
240,magby,240,,,1,True,83,178
241,miltank,241,,,1,True,100,332
242,blissey,242,,,1,True,55,156
243,raikou,243,,,1,True,115,333
244,entei,244,,,1,True,100,334
245,suicune,245,,,1,True,85,335
246,larvitar,246,,,1,True,41,336
247,pupitar,247,,,1,True,51,337
248,tyranitar,248,,,1,True,61,338
249,lugia,249,,,1,True,110,340
250,ho-oh,250,,,1,True,90,341
251,celebi,251,,,1,True,100,342
252,treecko,252,,,1,True,70,343
253,grovyle,253,,,1,True,95,344
254,sceptile,254,,,1,True,120,345
255,torchic,255,,,1,True,45,347
256,combusken,256,,,1,True,55,348
257,blaziken,257,,,1,True,80,349
258,mudkip,258,,,1,True,40,351
259,marshtomp,259,,,1,True,50,352
260,swampert,260,,,1,True,60,353
261,poochyena,261,,,1,True,35,355
262,mightyena,262,,,1,True,70,356
263,zigzagoon,263,,,1,True,60,357
264,linoone,264,,,1,True,100,358
265,wurmple,265,,,1,True,20,359
266,silcoon,266,,,1,True,15,360
267,beautifly,267,,,1,True,65,361
268,cascoon,268,,,1,True,15,362
269,dustox,269,,,1,True,65,363
270,lotad,270,,,1,True,30,364
271,lombre,271,,,1,True,50,365
272,ludicolo,272,,,1,True,70,366
273,seedot,273,,,1,True,30,367
274,nuzleaf,274,,,1,True,60,368
275,shiftry,275,,,1,True,80,369
276,taillow,276,,,1,True,85,370
277,swellow,277,,,1,True,125,371
278,wingull,278,,,1,True,85,372
279,pelipper,279,,,1,True,65,373
280,ralts,280,,,1,True,40,374
281,kirlia,281,,,1,True,50,375
282,gardevoir,282,,,1,True,80,376
283,surskit,283,,,1,True,65,380
284,masquerain,284,,,1,True,80,381
285,shroomish,285,,,1,True,35,382
286,breloom,286,,,1,True,70,383
287,slakoth,287,,,1,True,30,384
288,vigoroth,288,,,1,True,90,385
289,slaking,289,,,1,True,100,386
290,nincada,290,,,1,True,40,387
291,ninjask,291,,,1,True,160,388
292,shedinja,292,,,1,True,40,389
293,whismur,293,,,1,True,28,390
294,loudred,294,,,1,True,48,391
295,exploud,295,,,1,True,68,392
296,makuhita,296,,,1,True,25,393
297,hariyama,297,,,1,True,50,394
298,azurill,298,,,1,True,20,247
299,nosepass,299,,,1,True,30,395
300,skitty,300,,,1,True,50,397
301,delcatty,301,,,1,True,90,398
302,sableye,302,,,1,True,50,399
303,mawile,303,,,1,True,50,401
304,aron,304,,,1,True,30,403
305,lairon,305,,,1,True,40,404
306,aggron,306,,,1,True,50,405
307,meditite,307,,,1,True,60,407
308,medicham,308,,,1,True,80,408
309,electrike,309,,,1,True,65,410
310,manectric,310,,,1,True,105,411
311,plusle,311,,,1,True,95,413
312,minun,312,,,1,True,95,414
313,volbeat,313,,,1,True,85,415
314,illumise,314,,,1,True,85,416
315,roselia,315,,,1,True,65,418
316,gulpin,316,,,1,True,40,420
317,swalot,317,,,1,True,55,421
318,carvanha,318,,,1,True,65,422
319,sharpedo,319,,,1,True,95,423
320,wailmer,320,,,1,True,60,425
321,wailord,321,,,1,True,60,426
322,numel,322,,,1,True,35,427
323,camerupt,323,,,1,True,40,428
324,torkoal,324,,,1,True,20,430
325,spoink,325,,,1,True,60,431
326,grumpig,326,,,1,True,80,432
327,spinda,327,,,1,True,60,433
328,trapinch,328,,,1,True,10,434
329,vibrava,329,,,1,True,70,435
330,flygon,330,,,1,True,100,436
331,cacnea,331,,,1,True,35,437
332,cacturne,332,,,1,True,55,438
333,swablu,333,,,1,True,50,439
334,altaria,334,,,1,True,80,440
335,zangoose,335,,,1,True,90,442
336,seviper,336,,,1,True,65,443
337,lunatone,337,,,1,True,70,444
338,solrock,338,,,1,True,70,445
339,barboach,339,,,1,True,60,446
340,whiscash,340,,,1,True,60,447
341,corphish,341,,,1,True,35,448
342,crawdaunt,342,,,1,True,55,449
343,baltoy,343,,,1,True,55,450
344,claydol,344,,,1,True,75,451
345,lileep,345,,,1,True,23,452
346,cradily,346,,,1,True,43,453
347,anorith,347,,,1,True,75,454
348,armaldo,348,,,1,True,45,455
349,feebas,349,,,1,True,80,456
350,milotic,350,,,1,True,81,457
351,castform,351,,,1,True,70,458
352,kecleon,352,,,1,True,40,462
353,shuppet,353,,,1,True,45,463
354,banette,354,,,1,True,65,464
355,duskull,355,,,1,True,25,466
356,dusclops,356,,,1,True,25,467
357,tropius,357,,,1,True,51,469
358,chimecho,358,,,1,True,65,471
359,absol,359,,,1,True,75,472
360,wynaut,360,,,1,True,23,295
361,snorunt,361,,,1,True,50,474
362,glalie,362,,,1,True,80,475
363,spheal,363,,,1,True,25,478
364,sealeo,364,,,1,True,45,479
365,walrein,365,,,1,True,65,480
366,clamperl,366,,,1,True,32,481
367,huntail,367,,,1,True,52,482
368,gorebyss,368,,,1,True,52,483
369,relicanth,369,,,1,True,55,484
370,luvdisc,370,,,1,True,97,485
371,bagon,371,,,1,True,50,486
372,shelgon,372,,,1,True,50,487
373,salamence,373,,,1,True,100,488
374,beldum,374,,,1,True,30,490
375,metang,375,,,1,True,50,491
376,metagross,376,,,1,True,70,492
377,regirock,377,,,1,True,50,494
378,regice,378,,,1,True,50,495
379,registeel,379,,,1,True,50,496
380,latias,380,,,1,True,110,497
381,latios,381,,,1,True,110,499
382,kyogre,382,,,1,True,90,501
383,groudon,383,,,1,True,90,503
384,rayquaza,384,,,1,True,95,505
385,jirachi,385,,,1,True,100,507
386,deoxys-normal,386,Normal Forme,Normal Deoxys,1,True,150,508
387,turtwig,387,,,1,True,31,512
388,grotle,388,,,1,True,36,513
389,torterra,389,,,1,True,56,514
390,chimchar,390,,,1,True,61,515
391,monferno,391,,,1,True,81,516
392,infernape,392,,,1,True,108,517
393,piplup,393,,,1,True,40,518
394,prinplup,394,,,1,True,50,519
395,empoleon,395,,,1,True,60,520
396,starly,396,,,1,True,60,521
397,staravia,397,,,1,True,80,522
398,staraptor,398,,,1,True,100,523
399,bidoof,399,,,1,True,31,524
400,bibarel,400,,,1,True,71,525
401,kricketot,401,,,1,True,25,526
402,kricketune,402,,,1,True,65,527
403,shinx,403,,,1,True,45,528
404,luxio,404,,,1,True,60,529
405,luxray,405,,,1,True,70,530
406,budew,406,,,1,True,55,417
407,roserade,407,,,1,True,90,419
408,cranidos,408,,,1,True,58,531
409,rampardos,409,,,1,True,58,532
410,shieldon,410,,,1,True,30,533
411,bastiodon,411,,,1,True,30,534
412,burmy-plant,412,Plant Cloak,Plant Burmy,1,True,36,535
413,wormadam-plant,413,Plant Cloak,Plant Wormadam,1,True,36,538
414,mothim,414,,,1,True,66,541
415,combee,415,,,1,True,70,542
416,vespiquen,416,,,1,True,40,543
417,pachirisu,417,,,1,True,95,544
418,buizel,418,,,1,True,85,545
419,floatzel,419,,,1,True,115,546
420,cherubi,420,,,1,True,35,547
421,cherrim-overcast,421,Overcast Form,Overcast Cherrim,1,True,85,548
422,shellos-west,422,West Sea,West Shellos,1,True,34,550
423,gastrodon-west,423,West Sea,West Gastrodon,1,True,39,552
424,ambipom,424,,,1,True,115,256
425,drifloon,425,,,1,True,70,554
426,drifblim,426,,,1,True,80,555
427,buneary,427,,,1,True,85,556
428,lopunny,428,,,1,True,105,557
429,mismagius,429,,,1,True,105,266
430,honchkrow,430,,,1,True,71,264
431,glameow,431,,,1,True,85,559
432,purugly,432,,,1,True,112,560
433,chingling,433,,,1,True,45,470
434,stunky,434,,,1,True,74,561
435,skuntank,435,,,1,True,84,562
436,bronzor,436,,,1,True,23,563
437,bronzong,437,,,1,True,33,564
438,bonsly,438,,,1,True,10,250
439,mime-jr,439,,,1,True,60,168
440,happiny,440,,,1,True,30,154
441,chatot,441,,,1,True,91,565
442,spiritomb,442,,,1,True,35,566
443,gible,443,,,1,True,42,567
444,gabite,444,,,1,True,82,568
445,garchomp,445,,,1,True,102,569
446,munchlax,446,,,1,True,5,207
447,riolu,447,,,1,True,60,571
448,lucario,448,,,1,True,90,572
449,hippopotas,449,,,1,True,32,574
450,hippowdon,450,,,1,True,47,575
451,skorupi,451,,,1,True,65,576
452,drapion,452,,,1,True,95,577
453,croagunk,453,,,1,True,50,578
454,toxicroak,454,,,1,True,85,579
455,carnivine,455,,,1,True,46,580
456,finneon,456,,,1,True,66,581
457,lumineon,457,,,1,True,91,582
458,mantyke,458,,,1,True,50,322
459,snover,459,,,1,True,40,583
460,abomasnow,460,,,1,True,60,584
461,weavile,461,,,1,True,125,310
462,magnezone,462,,,1,True,60,112
463,lickilicky,463,,,1,True,50,148
464,rhyperior,464,,,1,True,40,153
465,tangrowth,465,,,1,True,50,158
466,electivire,466,,,1,True,95,177
467,magmortar,467,,,1,True,83,180
468,togekiss,468,,,1,True,80,240
469,yanmega,469,,,1,True,95,260
470,leafeon,470,,,1,True,95,195
471,glaceon,471,,,1,True,65,196
472,gliscor,472,,,1,True,95,302
473,mamoswine,473,,,1,True,80,317
474,porygon-z,474,,,1,True,90,200
475,gallade,475,,,1,True,80,378
476,probopass,476,,,1,True,40,396
477,dusknoir,477,,,1,True,45,468
478,froslass,478,,,1,True,110,477
479,rotom,479,,,1,True,91,586
480,uxie,480,,,1,True,95,592
481,mesprit,481,,,1,True,80,593
482,azelf,482,,,1,True,115,594
483,dialga,483,,,1,True,90,595
484,palkia,484,,,1,True,100,596
485,heatran,485,,,1,True,77,597
486,regigigas,486,,,1,True,100,598
487,giratina-altered,487,Altered Forme,Altered Giratina,1,True,90,599
488,cresselia,488,,,1,True,85,601
489,phione,489,,,1,True,80,602
490,manaphy,490,,,1,True,100,603
491,darkrai,491,,,1,True,125,604
492,shaymin-land,492,Land Forme,Land Shaymin,1,True,100,605
493,arceus-normal,493,Normal Type,Normal Arceus,1,True,120,607
494,victini,494,,,1,True,100,625
495,snivy,495,,,1,True,63,626
496,servine,496,,,1,True,83,627
497,serperior,497,,,1,True,113,628
498,tepig,498,,,1,True,45,629
499,pignite,499,,,1,True,55,630
500,emboar,500,,,1,True,65,631
501,oshawott,501,,,1,True,45,632
502,dewott,502,,,1,True,60,633
503,samurott,503,,,1,True,70,634
504,patrat,504,,,1,True,42,635
505,watchog,505,,,1,True,77,636
506,lillipup,506,,,1,True,55,637
507,herdier,507,,,1,True,60,638
508,stoutland,508,,,1,True,80,639
509,purrloin,509,,,1,True,66,640
510,liepard,510,,,1,True,106,641
511,pansage,511,,,1,True,64,642
512,simisage,512,,,1,True,101,643
513,pansear,513,,,1,True,64,644
514,simisear,514,,,1,True,101,645
515,panpour,515,,,1,True,64,646
516,simipour,516,,,1,True,101,647
517,munna,517,,,1,True,24,648
518,musharna,518,,,1,True,29,649
519,pidove,519,,,1,True,43,650
520,tranquill,520,,,1,True,65,651
521,unfezant,521,,,1,True,93,652
522,blitzle,522,,,1,True,76,653
523,zebstrika,523,,,1,True,116,654
524,roggenrola,524,,,1,True,15,655
525,boldore,525,,,1,True,20,656
526,gigalith,526,,,1,True,25,657
527,woobat,527,,,1,True,72,658
528,swoobat,528,,,1,True,114,659
529,drilbur,529,,,1,True,68,660
530,excadrill,530,,,1,True,88,661
531,audino,531,,,1,True,50,662
532,timburr,532,,,1,True,35,664
533,gurdurr,533,,,1,True,40,665
534,conkeldurr,534,,,1,True,45,666
535,tympole,535,,,1,True,64,667
536,palpitoad,536,,,1,True,69,668
537,seismitoad,537,,,1,True,74,669
538,throh,538,,,1,True,45,670
539,sawk,539,,,1,True,85,671
540,sewaddle,540,,,1,True,42,672
541,swadloon,541,,,1,True,42,673
542,leavanny,542,,,1,True,92,674
543,venipede,543,,,1,True,57,675
544,whirlipede,544,,,1,True,47,676
545,scolipede,545,,,1,True,112,677
546,cottonee,546,,,1,True,66,678
547,whimsicott,547,,,1,True,116,679
548,petilil,548,,,1,True,30,680
549,lilligant,549,,,1,True,90,681
550,basculin-red-striped,550,Red-Striped Form,Red-Striped Basculin,1,True,98,682
551,sandile,551,,,1,True,65,684
552,krokorok,552,,,1,True,74,685
553,krookodile,553,,,1,True,92,686
554,darumaka,554,,,1,True,50,687
555,darmanitan-standard,555,Standard Mode,Standard Darmanitan,1,True,95,688
556,maractus,556,,,1,True,60,690
557,dwebble,557,,,1,True,55,691
558,crustle,558,,,1,True,45,692
559,scraggy,559,,,1,True,48,693
560,scrafty,560,,,1,True,58,694
561,sigilyph,561,,,1,True,97,695
562,yamask,562,,,1,True,30,696
563,cofagrigus,563,,,1,True,30,697
564,tirtouga,564,,,1,True,22,698
565,carracosta,565,,,1,True,32,699
566,archen,566,,,1,True,70,700
567,archeops,567,,,1,True,110,701
568,trubbish,568,,,1,True,65,702
569,garbodor,569,,,1,True,75,703
570,zorua,570,,,1,True,65,704
571,zoroark,571,,,1,True,105,705
572,minccino,572,,,1,True,75,706
573,cinccino,573,,,1,True,115,707
574,gothita,574,,,1,True,45,708
575,gothorita,575,,,1,True,55,709
576,gothitelle,576,,,1,True,65,710
577,solosis,577,,,1,True,20,711
578,duosion,578,,,1,True,30,712
579,reuniclus,579,,,1,True,30,713
580,ducklett,580,,,1,True,55,714
581,swanna,581,,,1,True,98,715
582,vanillite,582,,,1,True,44,716
583,vanillish,583,,,1,True,59,717
584,vanilluxe,584,,,1,True,79,718
585,deerling-spring,585,Spring Form,Spring Deerling,1,True,75,719
586,sawsbuck-spring,586,Spring Form,Spring Sawsbuck,1,True,95,723
587,emolga,587,,,1,True,103,727
588,karrablast,588,,,1,True,60,728
589,escavalier,589,,,1,True,20,729
590,foongus,590,,,1,True,15,730
591,amoonguss,591,,,1,True,30,731
592,frillish,592,,,1,True,40,732
593,jellicent,593,,,1,True,60,733
594,alomomola,594,,,1,True,65,734
595,joltik,595,,,1,True,65,735
596,galvantula,596,,,1,True,108,736
597,ferroseed,597,,,1,True,10,737
598,ferrothorn,598,,,1,True,20,738
599,klink,599,,,1,True,30,739
600,klang,600,,,1,True,50,740
601,klinklang,601,,,1,True,90,741
602,tynamo,602,,,1,True,60,742
603,eelektrik,603,,,1,True,40,743
604,eelektross,604,,,1,True,50,744
605,elgyem,605,,,1,True,30,745
606,beheeyem,606,,,1,True,40,746
607,litwick,607,,,1,True,20,747
608,lampent,608,,,1,True,55,748
609,chandelure,609,,,1,True,80,749
610,axew,610,,,1,True,57,750
611,fraxure,611,,,1,True,67,751
612,haxorus,612,,,1,True,97,752
613,cubchoo,613,,,1,True,40,753
614,beartic,614,,,1,True,50,754
615,cryogonal,615,,,1,True,105,755
616,shelmet,616,,,1,True,25,756
617,accelgor,617,,,1,True,145,757
618,stunfisk,618,,,1,True,32,758
619,mienfoo,619,,,1,True,65,759
620,mienshao,620,,,1,True,105,760
621,druddigon,621,,,1,True,48,761
622,golett,622,,,1,True,35,762
623,golurk,623,,,1,True,55,763
624,pawniard,624,,,1,True,60,764
625,bisharp,625,,,1,True,70,765
626,bouffalant,626,,,1,True,55,766
627,rufflet,627,,,1,True,60,767
628,braviary,628,,,1,True,80,768
629,vullaby,629,,,1,True,60,769
630,mandibuzz,630,,,1,True,80,770
631,heatmor,631,,,1,True,65,771
632,durant,632,,,1,True,109,772
633,deino,633,,,1,True,38,773
634,zweilous,634,,,1,True,58,774
635,hydreigon,635,,,1,True,98,775
636,larvesta,636,,,1,True,60,776
637,volcarona,637,,,1,True,100,777
638,cobalion,638,,,1,True,108,778
639,terrakion,639,,,1,True,108,779
640,virizion,640,,,1,True,108,780
641,tornadus-incarnate,641,Incarnate Forme,Incarnate Tornadus,1,True,111,781
642,thundurus-incarnate,642,Incarnate Forme,Incarnate Thundurus,1,True,111,783
643,reshiram,643,,,1,True,90,785
644,zekrom,644,,,1,True,90,786
645,landorus-incarnate,645,Incarnate Forme,Incarnate Landorus,1,True,101,787
646,kyurem,646,,,1,True,95,789
647,keldeo-ordinary,647,Ordinary Form,Ordinary Keldeo,1,True,108,792
648,meloetta-aria,648,Aria Forme,Aria Meloetta,1,True,90,794
649,genesect,649,,,1,True,99,796
650,chespin,650,,,1,True,38,801
651,quilladin,651,,,1,True,57,802
652,chesnaught,652,,,1,True,64,803
653,fennekin,653,,,1,True,60,804
654,braixen,654,,,1,True,73,805
655,delphox,655,,,1,True,104,806
656,froakie,656,,,1,True,71,807
657,frogadier,657,,,1,True,97,808
658,greninja,658,,,1,True,122,809
659,bunnelby,659,,,1,True,57,810
660,diggersby,660,,,1,True,78,811
661,fletchling,661,,,1,True,62,812
662,fletchinder,662,,,1,True,84,813
663,talonflame,663,,,1,True,126,814
664,scatterbug,664,,,1,True,35,815
665,spewpa,665,,,1,True,29,816
666,vivillon-meadow,666,Meadow Pattern,Meadow Vivillon,7,True,89,823
667,litleo,667,,,1,True,72,837
668,pyroar,668,,,1,True,106,838
669,flabebe-red,669,Red Flower,Red Flabébé,1,True,42,839
670,floette-red,670,Red Flower,Red Floette,1,True,52,844
671,florges-red,671,Red Flower,Red Florges,1,True,75,849
672,skiddo,672,,,1,True,52,854
673,gogoat,673,,,1,True,68,855
674,pancham,674,,,1,True,43,856
675,pangoro,675,,,1,True,58,857
676,furfrou-natural,676,Au naturel,Natural Furfrou,1,True,102,858
677,espurr,677,,,1,True,68,868
678,meowstic-female,678,Female,Female Meowstic,1,True,104,869
679,honedge,679,,,1,True,28,871
680,doublade,680,,,1,True,35,872
681,aegislash-shield,681,Shield Forme,Shield Aegislash,1,True,60,873
682,spritzee,682,,,1,True,23,875
683,aromatisse,683,,,1,True,29,876
684,swirlix,684,,,1,True,49,877
685,slurpuff,685,,,1,True,72,878
686,inkay,686,,,1,True,45,879
687,malamar,687,,,1,True,73,880
688,binacle,688,,,1,True,50,881
689,barbaracle,689,,,1,True,68,882
690,skrelp,690,,,1,True,30,883
691,dragalge,691,,,1,True,44,884
692,clauncher,692,,,1,True,44,885
693,clawitzer,693,,,1,True,59,886
694,helioptile,694,,,1,True,70,887
695,heliolisk,695,,,1,True,109,888
696,tyrunt,696,,,1,True,48,889
697,tyrantrum,697,,,1,True,71,890
698,amaura,698,,,1,True,46,891
699,aurorus,699,,,1,True,58,892
700,sylveon,700,,,1,True,60,197
701,hawlucha,701,,,1,True,118,893
702,dedenne,702,,,1,True,101,894
703,carbink,703,,,1,True,50,895
704,goomy,704,,,1,True,40,896
705,sliggoo,705,,,1,True,60,897
706,goodra,706,,,1,True,80,898
707,klefki,707,,,1,True,75,899
708,phantump,708,,,1,True,38,900
709,trevenant,709,,,1,True,56,901
710,pumpkaboo-average,710,Average Size,Average Pumpkaboo,2,True,51,903
711,gourgeist-average,711,Average Size,Average Gourgeist,2,True,84,907
712,bergmite,712,,,1,True,28,910
713,avalugg,713,,,1,True,28,911
714,noibat,714,,,1,True,55,912
715,noivern,715,,,1,True,123,913
716,xerneas-active,716,Active Mode,Active Xerneas,2,True,99,915
717,yveltal,717,,,1,True,99,916
718,zygarde-50-percent,718,50% Forme,50% Zygarde,2,True,95,918
719,diancie,719,,,1,True,50,920
720,hoopa-confined,720,Hoopa Confined,Hoopa Confined,1,True,70,922
721,volcanion,721,,,1,True,70,924
722,rowlet,722,,,1,True,42,925
723,dartrix,723,,,1,True,52,926
724,decidueye,724,,,1,True,70,927
725,litten,725,,,1,True,70,928
726,torracat,726,,,1,True,90,929
727,incineroar,727,,,1,True,60,930
728,popplio,728,,,1,True,40,931
729,brionne,729,,,1,True,50,932
730,primarina,730,,,1,True,60,933
731,pikipek,731,,,1,True,65,934
732,trumbeak,732,,,1,True,75,935
733,toucannon,733,,,1,True,60,936
734,yungoos,734,,,1,True,45,937
735,gumshoos,735,,,1,True,45,938
736,grubbin,736,,,1,True,46,939
737,charjabug,737,,,1,True,36,940
738,vikavolt,738,,,1,True,43,941
739,crabrawler,739,,,1,True,63,942
740,crabominable,740,,,1,True,43,943
741,oricorio-baile,741,Baile Style,Baile Oricorio,1,True,93,944
742,cutiefly,742,,,1,True,84,948
743,ribombee,743,,,1,True,124,949
744,rockruff,744,,,1,True,60,950
745,lycanroc-midday,745,Midday Form,Midday Lycanroc,1,True,112,951
746,wishiwashi-solo,746,Solo Form,Solo Wishiwashi,1,True,40,954
747,mareanie,747,,,1,True,45,956
748,toxapex,748,,,1,True,35,957
749,mudbray,749,,,1,True,45,958
750,mudsdale,750,,,1,True,35,959
751,dewpider,751,,,1,True,27,960
752,araquanid,752,,,1,True,42,961
753,fomantis,753,,,1,True,35,962
754,lurantis,754,,,1,True,45,963
755,morelull,755,,,1,True,15,964
756,shiinotic,756,,,1,True,30,965
757,salandit,757,,,1,True,77,966
758,salazzle,758,,,1,True,117,967
759,stufful,759,,,1,True,50,968
760,bewear,760,,,1,True,60,969
761,bounsweet,761,,,1,True,32,970
762,steenee,762,,,1,True,62,971
763,tsareena,763,,,1,True,72,972
764,comfey,764,,,1,True,100,973
765,oranguru,765,,,1,True,60,974
766,passimian,766,,,1,True,80,975
767,wimpod,767,,,1,True,80,976
768,golisopod,768,,,1,True,40,977
769,sandygast,769,,,1,True,15,978
770,palossand,770,,,1,True,35,979
771,pyukumuku,771,,,1,True,5,980
772,type-null,772,,,1,True,59,981
773,silvally-normal,773,Type: Normal,Normal Silvally,1,True,95,982
774,minior-meteor,774,Meteor Form,Meteor Minior,1,True,60,1000
775,komala,775,,,1,True,65,1008
776,turtonator,776,,,1,True,36,1009
777,togedemaru,777,,,1,True,96,1010
778,mimikyu-disguised,778,Disguised Form,Disguised Mimikyu,1,True,96,1011
779,bruxish,779,,,1,True,92,1013
780,drampa,780,,,1,True,36,1014
781,dhelmise,781,,,1,True,40,1015
782,jangmo-o,782,,,1,True,45,1016
783,hakamo-o,783,,,1,True,65,1017
784,kommo-o,784,,,1,True,85,1018
785,tapu-koko,785,,,1,True,130,1019
786,tapu-lele,786,,,1,True,95,1020
787,tapu-bulu,787,,,1,True,75,1021
788,tapu-fini,788,,,1,True,85,1022
789,cosmog,789,,,1,True,37,1023
790,cosmoem,790,,,1,True,37,1024
791,solgaleo,791,,,1,True,97,1025
792,lunala,792,,,1,True,97,1026
793,nihilego,793,,,1,True,103,1027
794,buzzwole,794,,,1,True,79,1028
795,pheromosa,795,,,1,True,151,1029
796,xurkitree,796,,,1,True,83,1030
797,celesteela,797,,,1,True,61,1031
798,kartana,798,,,1,True,109,1032
799,guzzlord,799,,,1,True,43,1033
800,necrozma,800,,,1,True,79,1034
801,magearna,801,,,1,True,65,1038
802,marshadow,802,,,1,True,125,1040
803,poipole,803,,,1,True,73,1041
804,naganadel,804,,,1,True,121,1042
805,stakataka,805,,,1,True,13,1043
806,blacephalon,806,,,1,True,107,1044
807,zeraora,807,,,1,True,143,1045
10001,unown-b,201,B,Unown B,2,False,48,268
10002,unown-c,201,C,Unown C,3,False,48,269
10003,unown-d,201,D,Unown D,4,False,48,270
10004,unown-e,201,E,Unown E,5,False,48,271
10005,unown-f,201,F,Unown F,6,False,48,272
10006,unown-g,201,G,Unown G,7,False,48,273
10007,unown-h,201,H,Unown H,8,False,48,274
10008,unown-i,201,I,Unown I,9,False,48,275
10009,unown-j,201,J,Unown J,10,False,48,276
10010,unown-k,201,K,Unown K,11,False,48,277
10011,unown-l,201,L,Unown L,12,False,48,278
10012,unown-m,201,M,Unown M,13,False,48,279
10013,unown-n,201,N,Unown N,14,False,48,280
10014,unown-o,201,O,Unown O,15,False,48,281
10015,unown-p,201,P,Unown P,16,False,48,282
10016,unown-q,201,Q,Unown Q,17,False,48,283
10017,unown-r,201,R,Unown R,18,False,48,284
10018,unown-s,201,S,Unown S,19,False,48,285
10019,unown-t,201,T,Unown T,20,False,48,286
10020,unown-u,201,U,Unown U,21,False,48,287
10021,unown-v,201,V,Unown V,22,False,48,288
10022,unown-w,201,W,Unown W,23,False,48,289
10023,unown-x,201,X,Unown X,24,False,48,290
10024,unown-y,201,Y,Unown Y,25,False,48,291
10025,unown-z,201,Z,Unown Z,26,False,48,292
10026,unown-exclamation,201,!,Unown !,27,False,48,293
10027,unown-question,201,?,Unown ?,28,False,48,294
10028,castform-sunny,351,Sunny Form,Sunny Castform,2,False,70,459
10029,castform-rainy,351,Rainy Form,Rainy Castform,3,False,70,460
10030,castform-snowy,351,Snowy Form,Snowy Castform,4,False,70,461
10031,deoxys-attack,386,Attack Forme,Attack Deoxys,2,False,150,509
10032,deoxys-defense,386,Defense Forme,Defense Deoxys,3,False,90,510
10033,deoxys-speed,386,Speed Forme,Speed Deoxys,4,False,180,511
10034,burmy-sandy,412,Sandy Cloak,Sandy Burmy,2,False,36,536
10035,burmy-trash,412,Trash Cloak,Trash Burmy,3,False,36,537
10036,wormadam-sandy,413,Sandy Cloak,Sandy Wormadam,2,False,36,539
10037,wormadam-trash,413,Trash Cloak,Trash Wormadam,3,False,36,540
10038,cherrim-sunshine,421,Sunshine Form,Sunshine Cherrim,2,False,85,549
10039,shellos-east,422,East Sea,East Shellos,2,False,34,551
10040,gastrodon-east,423,East Sea,East Gastrodon,2,False,39,553
10041,rotom-heat,479,Heat Rotom,Heat Rotom,2,False,86,587
10042,rotom-wash,479,Wash Rotom,Wash Rotom,3,False,86,588
10043,rotom-frost,479,Frost Rotom,Frost Rotom,4,False,86,589
10044,rotom-fan,479,Fan Rotom,Fan Rotom,5,False,86,590
10045,rotom-mow,479,Mow Rotom,Mow Rotom,6,False,86,591
10046,giratina-origin,487,Origin Forme,Origin Giratina,2,False,90,600
10047,shaymin-sky,492,Sky Forme,Sky Shaymin,2,False,127,606
10048,arceus-fire,493,Fire Type,Fire Arceus,2,False,120,608
10049,arceus-water,493,Water Type,Water Arceus,3,False,120,609
10050,arceus-grass,493,Grass Type,Grass Arceus,4,False,120,610
10051,arceus-electric,493,Electric Type,Electric Arceus,5,False,120,611
10052,arceus-ice,493,Ice Type,Ice Arceus,6,False,120,612
10053,arceus-fighting,493,Fighting Type,Fighting Arceus,7,False,120,613
10054,arceus-poison,493,Poison Type,Poison Arceus,8,False,120,614
10055,arceus-ground,493,Ground Type,Ground Arceus,9,False,120,615
10056,arceus-flying,493,Flying Type,Flying Arceus,10,False,120,616
10057,arceus-psychic,493,Psychic Type,Psychic Arceus,11,False,120,617
10058,arceus-bug,493,Bug Type,Bug Arceus,12,False,120,618
10059,arceus-rock,493,Rock Type,Rock Arceus,13,False,120,619
10060,arceus-ghost,493,Ghost Type,Ghost Arceus,14,False,120,620
10061,arceus-dragon,493,Dragon Type,Dragon Arceus,15,False,120,621
10062,arceus-dark,493,Dark Type,Dark Arceus,16,False,120,622
10063,arceus-steel,493,Steel Type,Steel Arceus,17,False,120,623
10064,arceus-fairy,493,Fairy Type,Fairy Arceus,18,False,120,624
10065,basculin-blue-striped,550,Blue-Striped Form,Blue-Striped Basculin,2,False,98,683
10066,darmanitan-zen,555,Zen Mode,Zen Darmanitan,2,False,55,689
10067,deerling-summer,585,Summer Form,Summer Deerling,2,False,75,720
10068,deerling-autumn,585,Autumn Form,Autumn Deerling,3,False,75,721
10069,deerling-winter,585,Winter Form,Winter Deerling,4,False,75,722
10070,sawsbuck-summer,586,Summer Form,Summer Sawsbuck,2,False,95,724
10071,sawsbuck-autumn,586,Autumn Form,Autumn Sawsbuck,3,False,95,725
10072,sawsbuck-winter,586,Winter Form,Winter Sawsbuck,4,False,95,726
10073,tornadus-therian,641,Therian Forme,Therian Tornadus,2,False,121,782
10074,thundurus-therian,642,Therian Forme,Therian Thundurus,2,False,101,784
10075,landorus-therian,645,Therian Forme,Therian Landorus,2,False,91,788
10076,kyurem-black,646,Black Kyurem,Black Kyurem,2,False,95,790
10077,kyurem-white,646,White Kyurem,White Kyurem,3,False,95,791
10078,keldeo-resolute,647,Resolute Form,Resolute Keldeo,2,False,108,793
10079,meloetta-pirouette,648,Pirouette Forme,Pirouette Meloetta,2,False,128,795
10080,genesect-burn,649,Burn Drive,Burn Genesect,2,False,99,797
10081,genesect-douse,649,Douse Drive,Douse Genesect,3,False,99,798
10082,genesect-shock,649,Shock Drive,Shock Genesect,4,False,99,799
10083,genesect-chill,649,Chill Drive,Chill Genesect,5,False,99,800
10084,vivillon-icy-snow,666,Icy Snow Pattern,Icy Snow Vivillon,1,False,89,817
10085,vivillon-polar,666,Polar Pattern,Polar Vivillon,2,False,89,818
10086,vivillon-tundra,666,Tundra Pattern,Tundra Vivillon,3,False,89,819
10087,vivillon-continental,666,Continental Pattern,Continental Vivillon,4,False,89,820
10088,vivillon-garden,666,Garden Pattern,Garden Vivillon,5,False,89,821
10089,vivillon-elegant,666,Elegant Pattern,Elegant Vivillon,6,False,89,822
10090,vivillon-modern,666,Modern Pattern,Modern Vivillon,8,False,89,824
10091,vivillon-marine,666,Marine Pattern,Marine Vivillon,9,False,89,825
10092,vivillon-archipelago,666,Archipelago Pattern,Archipelago Vivillon,10,False,89,826
10093,vivillon-high-plains,666,High Plains Pattern,High Plains Vivillon,11,False,89,827
10094,vivillon-sandstorm,666,Sandstorm Pattern,Sandstorm Vivillon,12,False,89,828
10095,vivillon-river,666,River Pattern,River Vivillon,13,False,89,829
10096,vivillon-monsoon,666,Monsoon Pattern,Monsoon Vivillon,14,False,89,830
10097,vivillon-savanna,666,Savanna Pattern,Savanna Vivillon,15,False,89,831
10098,vivillon-sun,666,Sun Pattern,Sun Vivillon,16,False,89,832
10099,vivillon-ocean,666,Ocean Pattern,Ocean Vivillon,17,False,89,833
10100,vivillon-jungle,666,Jungle Pattern,Jungle Vivillon,18,False,89,834
10101,flabebe-yellow,669,Yellow Flower,Yellow Flabébé,2,False,42,840
10102,flabebe-orange,669,Orange Flower,Orange Flabébé,3,False,42,841
10103,flabebe-blue,669,Blue Flower,Blue Flabébé,4,False,42,842
10104,flabebe-white,669,White Flower,White Flabébé,5,False,42,843
10105,floette-yellow,670,Yellow Flower,Yellow Floette,2,False,52,845
10106,floette-orange,670,Orange Flower,Orange Floette,3,False,52,846
10107,floette-blue,670,Blue Flower,Blue Floette,4,False,52,847
10108,floette-white,670,White Flower,White Floette,5,False,52,848
10109,florges-yellow,671,Yellow Flower,Yellow Florges,2,False,75,850
10110,florges-orange,671,Orange Flower,Orange Florges,3,False,75,851
10111,florges-blue,671,Blue Flower,Blue Florges,4,False,75,852
10112,florges-white,671,White Flower,White Florges,5,False,75,853
10113,furfrou-heart,676,Heart Trim,Heart Furfrou,2,False,102,859
10114,furfrou-star,676,Star Trim,Star Furfrou,3,False,102,860
10115,furfrou-diamond,676,Diamond Trim,Diamond Furfrou,4,False,102,861
10116,furfrou-la-reine,676,La Reine Trim,La Reine Furfrou,5,False,102,862
10117,furfrou-kabuki,676,Kabuki Trim,Kabuki Furfrou,6,False,102,863
10118,furfrou-pharaoh,676,Pharaoh Trim,Pharaoh Furfrou,7,False,102,864
10119,furfrou-debutante,676,Debutante Trim,Debutante Furfrou,8,False,102,865
10120,furfrou-matron,676,Matron Trim,Matron Furfrou,9,False,102,866
10121,furfrou-dandy,676,Dandy Trim,Dandy Furfrou,10,False,102,867
10122,meowstic-male,678,Male,Male Meowstic,2,False,104,870
10123,aegislash-blade,681,Blade Forme,Blade Aegislash,2,False,60,874
10124,pumpkaboo-small,710,Small Size,Small Pumpkaboo,1,False,56,902
10125,pumpkaboo-large,710,Large Size,Large Pumpkaboo,3,False,46,904
10126,pumpkaboo-super,710,Super Size,Super Pumpkaboo,4,False,41,905
10127,gourgeist-small,711,Small Size,Small Gourgeist,1,False,99,906
10128,gourgeist-large,711,Large Size,Large Gourgeist,3,False,69,908
10129,gourgeist-super,711,Super Size,Super Gourgeist,4,False,54,909
10130,xerneas-neutral,716,Neutral Mode,Neutral Xerneas,1,False,99,914
10131,venusaur-mega,3,Mega Venusaur,Mega Venusaur,2,False,80,4
10132,charizard-mega-x,6,Mega Charizard X,Mega Charizard X,2,False,100,8
10133,charizard-mega-y,6,Mega Charizard Y,Mega Charizard Y,3,False,100,9
10134,blastoise-mega,9,Mega Blastoise,Mega Blastoise,2,False,78,13
10135,alakazam-mega,65,Mega Alakazam,Mega Alakazam,2,False,150,89
10136,gengar-mega,94,Mega Gengar,Mega Gengar,2,False,130,127
10137,kangaskhan-mega,115,Mega Kangaskhan,Mega Kangaskhan,2,False,100,160
10138,pinsir-mega,127,Mega Pinsir,Mega Pinsir,2,False,105,182
10139,gyarados-mega,130,Mega Gyarados,Mega Gyarados,2,False,81,186
10140,aerodactyl-mega,142,Mega Aerodactyl,Mega Aerodactyl,2,False,150,206
10141,mewtwo-mega-x,150,Mega Mewtwo X,Mega Mewtwo X,2,False,130,216
10142,mewtwo-mega-y,150,Mega Mewtwo Y,Mega Mewtwo Y,3,False,140,217
10143,ampharos-mega,181,Mega Ampharos,Mega Ampharos,2,False,45,246
10144,scizor-mega,212,Mega Scizor,Mega Scizor,2,False,75,172
10145,heracross-mega,214,Mega Heracross,Mega Heracross,2,False,75,308
10146,houndoom-mega,229,Mega Houndoom,Mega Houndoom,2,False,115,327
10147,tyranitar-mega,248,Mega Tyranitar,Mega Tyranitar,2,False,71,339
10148,blaziken-mega,257,Mega Blaziken,Mega Blaziken,2,False,100,350
10149,gardevoir-mega,282,Mega Gardevoir,Mega Gardevoir,2,False,100,377
10150,mawile-mega,303,Mega Mawile,Mega Mawile,2,False,50,402
10151,aggron-mega,306,Mega Aggron,Mega Aggron,2,False,50,406
10152,medicham-mega,308,Mega Medicham,Mega Medicham,2,False,100,409
10153,manectric-mega,310,Mega Manectric,Mega Manectric,2,False,135,412
10154,banette-mega,354,Mega Banette,Mega Banette,2,False,75,465
10155,absol-mega,359,Mega Absol,Mega Absol,2,False,115,473
10156,garchomp-mega,445,Mega Garchomp,Mega Garchomp,2,False,92,570
10157,lucario-mega,448,Mega Lucario,Mega Lucario,2,False,112,573
10158,abomasnow-mega,460,Mega Abomasnow,Mega Abomasnow,2,False,30,585
10159,vivillon-fancy,666,Fancy Pattern,Fancy Vivillon,19,False,89,835
10160,vivillon-poke-ball,666,Poké Ball Pattern,Poké Ball Vivillon,20,False,89,836
10161,latias-mega,380,Mega Latias,Mega Latias,2,False,110,498
10162,latios-mega,381,Mega Latios,Mega Latios,2,False,110,500
10163,kyogre-primal,382,Primal Reversion,Primal Kyogre,2,False,90,502
10164,groudon-primal,383,Primal Reversion,Primal Groudon,2,False,90,504
10165,beedrill-mega,15,Mega Beedrill,Mega Beedrill,2,False,145,20
10166,pidgeot-mega,18,Mega Pidgeot,Mega Pidgeot,2,False,121,24
10167,slowbro-mega,80,Mega Slowbro,Mega Slowbro,2,False,30,108
10168,steelix-mega,208,Mega Steelix,Mega Steelix,2,False,30,130
10169,sceptile-mega,254,Mega Sceptile,Mega Sceptile,2,False,145,346
10170,swampert-mega,260,Mega Swampert,Mega Swampert,2,False,70,354
10171,sableye-mega,302,Mega Sableye,Mega Sableye,2,False,20,400
10172,sharpedo-mega,319,Mega Sharpedo,Mega Sharpedo,2,False,105,424
10173,camerupt-mega,323,Mega Camerupt,Mega Camerupt,2,False,20,429
10174,altaria-mega,334,Mega Altaria,Mega Altaria,2,False,80,441
10175,glalie-mega,362,Mega Glalie,Mega Glalie,2,False,100,476
10176,salamence-mega,373,Mega Salamence,Mega Salamence,2,False,120,489
10177,metagross-mega,376,Mega Metagross,Mega Metagross,2,False,110,493
10178,rayquaza-mega,384,Mega Rayquaza,Mega Rayquaza,2,False,115,506
10179,lopunny-mega,428,Mega Lopunny,Mega Lopunny,2,False,135,558
10180,gallade-mega,475,Mega Gallade,Mega Gallade,2,False,110,379
10181,audino-mega,531,Mega Audino,Mega Audino,2,False,50,663
10182,diancie-mega,719,Mega Diancie,Mega Diancie,2,False,110,921
10183,hoopa-unbound,720,Hoopa Unbound,Hoopa Unbound,2,False,80,923
10184,oricorio-pom-pom,741,Pom-Pom Style,Pom-Pom Oricorio,2,False,93,945
10185,oricorio-pau,741,Pa'u Style,Pa'u Oricorio,3,False,93,946
10186,oricorio-sensu,741,Sensu Style,Sensu Oricorio,4,False,93,947
10187,lycanroc-midnight,745,Midnight Form,Midnight Lycanroc,2,False,82,952
10188,wishiwashi-school,746,School Form,School Wishiwashi,2,False,30,955
10189,silvally-fire,773,Type: Fire,Fire Silvally,2,False,95,983
10190,silvally-water,773,Type: Water,Water Silvally,3,False,95,984
10191,silvally-grass,773,Type: Grass,Grass Silvally,4,False,95,985
10192,silvally-electric,773,Type: Electric,Electric Silvally,5,False,95,986
10193,silvally-ice,773,Type: Ice,Ice Silvally,6,False,95,987
10194,silvally-fighting,773,Type: Fighting,Fighting Silvally,7,False,95,988
10195,silvally-poison,773,Type: Poison,Poison Silvally,8,False,95,989
10196,silvally-ground,773,Type: Ground,Ground Silvally,9,False,95,990
10197,silvally-flying,773,Type: Flying,Flying Silvally,10,False,95,991
10198,silvally-psychic,773,Type: Psychic,Psychic Silvally,11,False,95,992
10199,silvally-bug,773,Type: Bug,Bug Silvally,12,False,95,993
10200,silvally-rock,773,Type: Rock,Rock Silvally,13,False,95,994
10201,silvally-ghost,773,Type: Ghost,Ghost Silvally,14,False,95,995
10202,silvally-dragon,773,Type: Dragon,Dragon Silvally,15,False,95,996
10203,silvally-dark,773,Type: Dark,Dark Silvally,16,False,95,997
10204,silvally-steel,773,Type: Steel,Steel Silvally,17,False,95,998
10205,silvally-fairy,773,Type: Fairy,Fairy Silvally,18,False,95,999
10206,minior-red,774,Red Core,Red Minior,2,False,120,1001
10207,minior-orange,774,Orange Core,Orange Minior,3,False,120,1002
10208,minior-yellow,774,Yellow Core,Yellow Minior,4,False,120,1003
10209,minior-green,774,Green Core,Green Minior,5,False,120,1004
10210,minior-blue,774,Blue Core,Blue Minior,6,False,120,1005
10211,minior-indigo,774,Indigo Core,Indigo Minior,7,False,120,1006
10212,minior-violet,774,Violet Core,Violet Minior,8,False,120,1007
10213,mimikyu-busted,778,Busted Form,Busted Mimikyu,2,False,96,1012
10214,magearna-original,801,Original Color,Original Magearna,2,False,65,1039
10215,rattata-alola,19,Alola Form,Alolan Rattata,2,False,72,26
10216,raticate-alola,20,Alola Form,Alolan Raticate,2,False,77,28
10217,raichu-alola,26,Alola Form,Alolan Raichu,2,False,110,36
10218,sandshrew-alola,27,Alola Form,Alolan Sandshrew,2,False,40,38
10219,sandslash-alola,28,Alola Form,Alolan Sandslash,2,False,65,40
10220,vulpix-alola,37,Alola Form,Alolan Vulpix,2,False,65,51
10221,ninetales-alola,38,Alola Form,Alolan Ninetales,2,False,109,53
10222,diglett-alola,50,Alola Form,Alolan Diglett,2,False,90,69
10223,dugtrio-alola,51,Alola Form,Alolan Dugtrio,2,False,110,71
10224,meowth-alola,52,Alola Form,Alolan Meowth,2,False,90,73
10225,persian-alola,53,Alola Form,Alolan Persian,2,False,115,75
10226,geodude-alola,74,Alola Form,Alolan Geodude,2,False,20,99
10227,graveler-alola,75,Alola Form,Alolan Graveler,2,False,35,101
10228,golem-alola,76,Alola Form,Alolan Golem,2,False,45,103
10229,grimer-alola,88,Alola Form,Alolan Grimer,2,False,25,119
10230,muk-alola,89,Alola Form,Alolan Muk,2,False,50,121
10231,exeggutor-alola,103,Alola Form,Alolan Exeggutor,2,False,45,139
10232,marowak-alola,105,Alola Form,Alolan Marowak,2,False,45,142
10233,zygarde-10-percent,718,10% Forme,10% Zygarde,1,False,115,917
10234,zygarde-complete,718,Complete Forme,Complete Zygarde,3,False,85,919
10235,lycanroc-dusk,745,Dusk Form,Dusk Lycanroc,3,False,110,953
10236,necrozma-dusk-mane,800,Dusk Mane,Dusk Mane Necrozma,2,False,77,1035
10237,necrozma-dawn-wings,800,Dawn Wings,Dawn Wings Necrozma,3,False,77,1036
10238,necrozma-ultra,800,Ultra Necrozma,Ultra Necrozma,4,False,129,1037
